date,open,high,low,close,volume,ticker,eis_flag,eis_score,liquidity_current_ratio,liquidity_quick_ratio,liquidity_cash,float_shares,avg_dollar_volume_20d,bid_ask_spread
2026-03-02,157.1326,158.0844,156.148,157.2093,809465,SRPT,False,,,,,90000000,,
2026-03-03,160.018,160.5737,157.658,159.0181,506894,SRPT,False,,,,,90000000,,
2026-03-04,154.3167,156.4748,153.4882,154.9942,941065,SRPT,False,,,,,90000000,,
2026-03-05,159.8559,161.7865,159.192,160.0435,873532,SRPT,False,,,,,90000000,,
2026-03-06,160.2492,161.7928,158.5385,159.4332,745875,SRPT,False,,,,,90000000,122488144.06417999,
2026-03-09,158.2417,158.7468,157.7065,158.0284,722811,SRPT,False,,,,,90000000,121110897.69221668,
2026-03-10,161.4414,161.9725,159.6285,161.1691,659129,SRPT,False,,,,,90000000,118985230.55245714,
2026-03-11,154.0969,154.568,153.5621,154.044,813447,SRPT,False,,,,,90000000,119775405.4419,
2026-03-12,156.1113,156.3643,155.6696,155.957,631007,SRPT,False,,,,,90000000,117401466.9149111,
2026-03-13,167.1453,169.0383,166.2633,166.7563,736432,SRPT,False,,,,,90000000,117941787.77558,
2026-03-16,169.0878,170.3172,167.3792,169.4995,847075,SRPT,False,,,,,90000000,120272424.24711819,
2026-03-17,167.7229,168.1751,166.6194,167.2822,597793,SRPT,False,,,,,90000000,118583066.24190833,
2026-03-18,163.6625,166.0091,162.3151,164.3394,588337,SRPT,False,,,,,90000000,116898749.57543847,
2026-03-19,162.1556,162.9324,160.3312,161.996,487811,SRPT,False,,,,,90000000,114193369.65976429,
2026-03-20,160.6486,160.7163,160.4127,160.5625,510395,SRPT,False,,,,,90000000,112043831.49494667,
2026-03-23,158.1603,158.7612,156.7084,158.4533,377573,SRPT,False,,,,,90000000,108780322.51656875,
2026-03-24,163.6063,164.8725,163.0022,163.6174,822368,SRPT,False,,,,,90000000,110296404.36872353,
2026-03-25,153.6994,155.4337,153.2999,153.987,1009987,SRPT,False,,,,,90000000,112809096.80207223,
2026-03-26,158.1934,159.1053,156.8856,158.7036,943293,SRPT,False,,,,,90000000,114750933.54695262,
2026-03-27,156.4424,158.3326,154.7344,156.6085,412749,SRPT,False,,,,,90000000,112245386.95793,
2026-03-30,158.1628,160.3089,157.6029,158.6884,821503,SRPT,False,,,,,90000000,112400765.489965,
2026-03-31,152.6986,154.2531,151.5095,152.5508,942733,SRPT,False,,,,,90000000,115561233.117715,
2026-04-01,159.2609,160.2489,158.707,159.8123,616049,SRPT,False,,1.91,1.7,898506502.0,90000000,113190862.65669999,
2026-04-02,167.2903,167.3918,165.8234,166.9338,713112,SRPT,False,,1.91,1.7,898506502.0,90000000,112152831.52388,
2026-04-03,172.0237,174.4326,170.74,172.6356,346364,SRPT,False,,1.91,1.7,898506502.0,90000000,109196707.4693,
2026-04-06,163.4433,164.3222,162.2462,163.7214,741851,SRPT,False,,1.91,1.7,898506502.0,90000000,109558318.39324999,
2026-04-07,168.2263,169.7939,166.9675,168.5421,510554,SRPT,False,,1.91,1.7,898506502.0,90000000,108549249.17372501,
2026-04-08,171.627,173.1921,170.6703,170.9474,730184,SRPT,False,,1.91,1.7,898506502.0,90000000,108525070.506405,
2026-04-09,161.7677,162.0168,160.2626,161.6076,424029,SRPT,False,,1.91,1.7,898506502.0,90000000,107030888.022475,
2026-04-10,161.3677,162.9832,160.0611,161.4702,789859,SRPT,False,,1.91,1.7,898506502.0,90000000,107267588.78148499,
2026-04-13,163.7883,165.6329,162.204,163.5436,873604,SRPT,False,,1.91,1.7,898506502.0,90000000,107232266.49008,
2026-04-14,165.7036,168.2153,165.5563,166.7577,991383,SRPT,False,,1.91,1.7,898506502.0,90000000,110498297.525805,
2026-04-15,167.7738,168.684,166.8742,167.7955,836008,SRPT,False,,1.91,1.7,898506502.0,90000000,112677869.065115,
2026-04-16,170.5305,172.3245,168.6826,169.5147,595530,SRPT,False,,1.91,1.7,898506502.0,90000000,113774251.991865,
2026-04-17,178.5579,179.688,178.3013,178.487,1225992,SRPT,False,,1.91,1.7,898506502.0,90000000,120617918.83769,
2026-04-20,186.3508,188.0162,185.8156,186.3128,787760,SRPT,False,,1.91,1.7,898506502.0,90000000,124965023.012045,
2026-04-21,168.8014,170.4635,167.6326,168.5243,425800,SRPT,True,2.0,1.91,1.7,898506502.0,90000000,121825219.658885,
2026-04-22,167.1101,168.6128,165.1765,166.6623,774239,SRPT,False,,1.91,1.7,898506502.0,90000000,120500798.87491998,
2026-04-23,164.7117,166.277,164.2431,165.7046,617238,SRPT,False,,1.91,1.7,898506502.0,90000000,118129557.92192002,
2026-04-24,155.0618,156.0687,153.5178,155.8484,508437,SRPT,False,,1.91,1.7,898506502.0,90000000,118859512.48113501,
2026-04-27,156.4616,156.9091,155.3388,156.3629,599051,SRPT,False,,1.91,1.7,898506502.0,90000000,117024830.22827001,
2026-04-28,162.9982,164.3343,161.5109,163.3486,881740,SRPT,False,,1.91,1.7,898506502.0,90000000,117035646.28965,
2026-04-29,157.872,158.8293,156.3614,157.2531,800305,SRPT,False,,1.91,1.7,898506502.0,90000000,118405558.01929002,
2026-04-30,158.9651,160.228,158.0128,159.1155,672866,SRPT,False,,1.91,1.7,898506502.0,90000000,117806603.72116001,
2026-05-01,153.2018,154.8267,152.0625,154.0961,803116,SRPT,False,,1.91,1.7,898506502.0,90000000,121004718.04562,
2026-05-04,149.942,151.9358,148.2723,150.5146,493627,SRPT,False,,1.91,1.7,898506502.0,90000000,118646777.35276,
2026-05-05,157.1947,160.2391,156.267,158.5022,701102,SRPT,False,,1.91,1.7,898506502.0,90000000,119900595.65781,
2026-05-06,155.4115,155.9812,154.4256,155.5207,721088,SRPT,False,,1.91,1.7,898506502.0,90000000,119266648.36781001,
2026-05-07,157.9678,159.4541,156.8266,158.0571,613784,SRPT,False,,1.91,1.7,898506502.0,90000000,120690978.87010999,
2026-05-08,147.8487,149.2416,146.5402,148.0372,771186,SRPT,False,,1.91,1.7,898506502.0,90000000,120022255.14098,
2026-05-11,158.5193,159.5143,157.8717,158.0079,559781,SRPT,False,,1.91,1.7,898506502.0,90000000,117301128.997755,
2026-05-12,161.9564,162.3228,160.3775,161.3761,784115,SRPT,False,,1.91,1.7,898506502.0,90000000,115361962.585375,
2026-05-13,160.2667,161.8788,159.3405,160.3486,791424,SRPT,False,,1.91,1.7,898506502.0,90000000,114693230.087495,
2026-05-14,162.5637,165.4975,160.7657,163.6115,208642,SRPT,False,,1.91,1.7,898506502.0,90000000,111352487.152095,
2026-05-15,156.0226,157.3741,154.8119,155.7342,902430,SRPT,False,,1.91,1.7,898506502.0,90000000,107438266.152195,
2026-05-18,162.5855,164.3763,161.4029,162.3151,208642,SRPT,False,,1.91,1.7,898506502.0,90000000,101793064.940505,
2026-05-19,160.6339,162.531,158.6319,160.4849,588362,SRPT,False,,1.91,1.7,898506502.0,90000000,102926343.430195,
2026-05-20,159.8119,160.487,158.4812,159.3427,873749,SRPT,False,,1.91,1.7,898506502.0,90000000,103435797.044825,
2026-05-21,156.0769,157.8238,155.7381,156.6242,640307,SRPT,False,,1.91,1.7,898506502.0,90000000,103336216.831555,
2026-05-22,154.3982,155.2763,153.0738,153.4733,440550,SRPT,False,,1.91,1.7,898506502.0,90000000,102754895.299765,
2026-05-25,156.7979,159.1123,156.6188,157.2505,505307,SRPT,False,,1.91,1.7,898506502.0,90000000,102044416.639545,
2026-05-26,159.0219,159.2009,158.6642,158.6653,874020,SRPT,False,,1.91,1.7,898506502.0,90000000,101776699.186645,
2026-05-27,161.5045,163.1295,160.6674,162.3262,361384,SRPT,False,,1.91,1.7,898506502.0,90000000,98417281.64991,
2026-05-28,161.8234,163.9812,160.3296,162.2763,891769,SRPT,False,,1.91,1.7,898506502.0,90000000,100299759.837495,
2026-05-29,165.969,166.5347,163.7632,165.2174,685893,SRPT,False,,1.91,1.7,898506502.0,90000000,99777980.572025,
2026-06-01,162.6856,164.3522,162.6228,162.813,488154,SRPT,False,,1.91,1.7,898506502.0,90000000,100036967.90941499,
2026-06-02,176.4716,177.2822,174.824,176.028,594088,SRPT,False,,1.91,1.7,898506502.0,90000000,99709463.561395,
2026-06-03,166.7468,168.7076,166.3198,166.6283,518610,SRPT,False,,1.91,1.7,898506502.0,90000000,98423013.168465,
2026-06-04,174.0919,175.9931,172.1259,174.1468,846083,SRPT,False,,1.91,1.7,898506502.0,90000000,100939499.564365,
2026-06-05,183.4346,184.0979,182.3202,182.6872,822820,SRPT,False,,1.91,1.7,898506502.0,90000000,102747222.853605,
2026-06-08,177.193,178.9577,175.8605,177.3189,396566,SRPT,False,,1.91,1.7,898506502.0,90000000,101840664.18498,
2026-06-09,190.684,192.4831,189.9375,191.7082,625302,SRPT,False,,1.91,1.7,898506502.0,90000000,101507569.196225,
2026-06-10,198.0271,199.9498,196.5025,198.5054,545393,SRPT,False,,1.91,1.7,898506502.0,90000000,100575555.45701501,
2026-06-11,205.7081,207.3336,204.3526,205.3686,920374,SRPT,False,,1.91,1.7,898506502.0,90000000,108319539.92068501,
2026-06-12,205.814,207.8629,203.6962,205.5701,460734,SRPT,False,,1.91,1.7,898506502.0,90000000,106028235.93805501,
2026-06-15,203.054,204.0729,202.4919,204.0131,974398,SRPT,False,,1.91,1.7,898506502.0,90000000,114274446.41403499,
2026-06-16,202.0832,203.0583,199.8866,202.5233,689685,SRPT,False,,1.91,1.7,898506502.0,90000000,116537149.68537,
2026-06-17,204.9522,207.0644,203.7219,205.3105,493450,SRPT,False,,1.91,1.7,898506502.0,90000000,114641396.75750501,
2026-06-18,215.3938,217.0883,213.4395,215.6302,577717,SRPT,False,,1.91,1.7,898506502.0,90000000,115855679.78870502,
2026-06-19,216.1072,218.2935,213.9036,217.0029,556097,SRPT,False,,1.91,1.7,898506502.0,90000000,118508779.75702003,
2026-06-22,209.7934,210.3289,207.2789,210.1897,473858,SRPT,False,,1.91,1.7,898506502.0,90000000,119515794.379975,
2026-06-23,215.8701,217.2472,215.29,216.343,711961,SRPT,False,,1.91,1.7,898506502.0,90000000,120283351.03582501,
2026-06-24,223.9488,226.2737,222.6624,223.4316,755241,SRPT,False,,1.91,1.7,898506502.0,90000000,125787481.71356499,
2026-06-25,229.1652,229.2501,227.9232,228.6103,515121,SRPT,False,,1.91,1.7,898506502.0,90000000,124439931.34214501,
2026-06-26,234.5511,235.7701,233.8112,234.6538,873719,SRPT,False,,1.91,1.7,898506502.0,90000000,129024932.609345,
2026-06-29,232.1658,235.0755,230.5431,232.4392,573697,SRPT,False,,1.91,1.7,898506502.0,90000000,131718525.33536501,
2026-06-30,225.0975,225.2349,222.3205,225.0031,1068737,SRPT,False,,1.91,1.7,898506502.0,90000000,138513176.1164,
2026-07-01,217.7341,220.2324,215.1467,218.2688,703865,SRPT,True,-1.2,1.91,1.7,898506502.0,90000000,141874009.42885,
2026-07-02,205.4165,206.7629,204.118,206.1257,854892,SRPT,False,,1.8,1.6,854739974.0,90000000,143317637.67585,
2026-07-03,207.256,210.0036,205.6667,207.8422,1883915,SRPT,False,,1.8,1.6,854739974.0,90000000,155379555.4913,
2026-07-06,206.8414,209.0914,204.7069,207.2361,1053931,SRPT,False,,1.8,1.6,854739974.0,90000000,162784250.65188497,
2026-07-07,203.3569,206.2381,201.0802,204.0692,738136,SRPT,True,2.0,1.91,1.7,898506502.0,90000000,164322015.758625,
2026-07-08,184.1035,184.5806,183.5639,184.0141,386614,SRPT,False,,1.91,1.7,898506502.0,90000000,162465964.34038502,
2026-07-09,176.5392,177.6647,175.0363,176.1536,581770,SRPT,False,,1.8,1.6,854739974.0,90000000,158139212.341165,
2026-07-10,182.329,184.9145,180.5068,183.2013,732908,SRPT,False,,1.8,1.6,854739974.0,90000000,160117040.53751498,
2026-07-13,179.0024,179.5301,178.3376,178.9889,821473,SRPT,False,,1.8,1.6,854739974.0,90000000,157529270.13931,
2026-07-14,181.1426,181.7641,180.1865,181.2622,1610137,SRPT,False,,1.8,1.6,854739974.0,90000000,165138254.77735502,
2026-07-15,172.8276,172.8839,170.6087,172.6507,770847,SRPT,False,,1.91,1.7,898506502.0,90000000,166727095.17325,
2026-07-16,181.56,183.6555,179.4139,181.5671,890108,SRPT,False,,1.8,1.6,854739974.0,90000000,168579149.97292,
2026-07-17,179.8663,182.1933,177.9106,180.6541,790071,SRPT,False,,1.8,1.6,854739974.0,90000000,169681895.16090998,
2026-07-20,181.8062,183.8892,180.0642,182.4973,724044,SRPT,True,3.5,1.8,1.6,854739974.0,90000000,171308695.37184,
2026-07-21,197.9919,199.7595,197.335,197.9744,584112,SRPT,False,,1.91,1.7,898506502.0,90000000,169389267.57733,
2026-07-22,209.4102,210.7461,207.962,208.7658,648374,SRPT,False,,1.91,1.7,898506502.0,90000000,167719948.16701,
2026-07-23,205.1659,207.7179,203.8184,206.5378,654418,SRPT,False,,1.8,1.6,854739974.0,90000000,168589952.54971498,
2026-07-24,202.5035,203.5959,200.9324,202.2937,567787,SRPT,False,,1.8,1.6,854739974.0,90000000,164081865.0277,
2026-07-27,200.7156,202.2582,198.7886,200.0019,779816,SRPT,False,,1.8,1.6,854739974.0,90000000,165212615.5241,
2026-07-28,203.5097,204.0956,201.9549,203.6032,736922,SRPT,False,,1.8,1.6,854739974.0,90000000,160691142.487385,
2026-07-29,203.1896,205.3549,201.8608,202.8548,680066,SRPT,False,,1.91,1.7,898506502.0,90000000,159907286.662625,
2026-07-30,199.6459,202.0167,197.8511,200.0679,620630,SRPT,False,,1.8,1.6,854739974.0,90000000,157304933.105255,
2026-07-31,210.5346,211.4934,209.6919,210.61,833967,SRPT,False,,1.8,1.6,854739974.0,90000000,146509170.68810502,
2026-08-03,208.7497,211.2263,207.9214,209.7698,654469,SRPT,False,,1.8,1.6,854739974.0,90000000,142452934.74446,
2026-08-04,225.7523,227.736,225.4076,227.3513,642149,SRPT,False,,1.91,1.7,898506502.0,90000000,142221064.09108502,
2026-08-05,228.7196,231.3883,227.558,228.0745,713676,SRPT,False,,1.8,1.6,854739974.0,90000000,146802507.571315,
2026-08-06,242.0633,245.4111,239.5927,242.7807,990456,SRPT,False,,1.8,1.6,854739974.0,90000000,153701643.627675,
2026-08-07,245.5,248.5556,244.1853,245.836,462428,SRPT,False,,1.8,1.6,854739974.0,90000000,152672231.19905502,
2026-08-10,253.2052,255.2762,252.5128,254.2628,829327,SRPT,False,,1.8,1.6,854739974.0,90000000,155863854.02335,
2026-08-11,246.8468,248.3985,244.5975,247.8954,366311,SRPT,False,,1.8,1.6,854739974.0,90000000,145811345.87075,
2026-08-12,240.472,241.2089,238.8734,240.5975,733250,SRPT,False,,1.8,1.6,854739974.0,90000000,147977888.007355,
2026-08-13,243.9648,244.764,243.9028,244.4999,969331,SRPT,False,,1.8,1.6,854739974.0,90000000,151747238.22336,
2026-08-14,253.3945,253.7597,252.1466,253.1075,780438,SRPT,False,,1.8,1.6,854739974.0,90000000,154487495.505555,
2026-08-17,253.8085,254.0257,252.926,253.4644,725140,SRPT,False,,1.91,1.7,898506502.0,90000000,157070550.502295,
2026-08-18,242.5388,245.4196,240.3985,242.3056,598029,SRPT,False,,1.8,1.6,854739974.0,90000000,158533878.148775,
2026-08-19,231.2053,231.4108,230.2774,231.0399,700872,SRPT,False,,1.8,1.6,854739974.0,90000000,159862432.147955,
2026-08-20,220.8233,221.1745,219.6117,219.783,651648,SRPT,False,,1.8,1.6,854739974.0,90000000,160265387.067135,
2026-08-21,205.9361,208.6487,205.8004,206.5978,558817,SRPT,False,,1.91,1.7,898506502.0,90000000,160294918.55517,
2026-08-24,207.3568,208.835,205.9093,207.391,645073,SRPT,False,,1.91,1.7,898506502.0,90000000,159185801.1998,
2026-08-25,216.4533,218.4648,215.664,215.7203,729966,SRPT,False,,1.8,1.6,854739974.0,90000000,159557241.55776998,
2026-08-26,216.437,218.0756,213.4228,215.619,562079,SRPT,False,,1.8,1.6,854739974.0,90000000,158719254.53197998,
2026-08-27,198.368,201.3267,197.9981,199.2177,555286,SRPT,False,,1.8,1.6,854739974.0,90000000,158041987.48123997,
2026-08-28,197.7066,199.4082,196.2676,197.8921,458970,SRPT,False,,1.8,1.6,854739974.0,90000000,153801224.84459,
