date,open,high,low,close,volume,ticker
2026-03-02,88.1644,88.7639,87.4012,88.674,3297436,XBI
2026-03-03,86.4184,87.2214,85.5577,86.3463,3222435,XBI
2026-03-04,86.5774,87.5518,85.7015,86.9363,3972705,XBI
2026-03-05,88.3904,88.6766,88.3302,88.5589,5107817,XBI
2026-03-06,88.1686,88.3493,87.3466,88.2651,3524257,XBI
2026-03-09,89.4801,90.4004,89.0758,89.5932,4855245,XBI
2026-03-10,88.5285,88.9822,88.2063,88.6705,6323191,XBI
2026-03-11,86.7184,87.6438,86.5364,86.7165,3372775,XBI
2026-03-12,86.7608,87.695,85.7238,86.9003,4741942,XBI
2026-03-13,84.2693,85.3498,84.2049,84.6406,6280945,XBI
2026-03-16,84.5341,84.8167,83.4998,84.3368,4477164,XBI
2026-03-17,86.1747,86.9078,85.3207,85.9805,4282912,XBI
2026-03-18,83.7638,84.7168,82.8154,83.5524,6454369,XBI
2026-03-19,81.5853,82.0542,80.8885,81.9641,4617247,XBI
2026-03-20,80.7774,81.0936,79.8737,80.7051,6380618,XBI
2026-03-23,80.7919,81.0195,80.4506,80.6284,5536206,XBI
2026-03-24,79.9393,80.5657,79.9385,80.1873,4571444,XBI
2026-03-25,81.8903,82.6198,81.2999,81.888,5599613,XBI
2026-03-26,83.0397,83.5414,82.6871,83.0687,5400561,XBI
2026-03-27,84.1506,84.7269,83.5638,83.6881,6276103,XBI
2026-03-30,84.3554,84.6734,83.6838,83.8711,4314568,XBI
2026-03-31,83.9461,84.5103,83.6119,84.3673,5051507,XBI
2026-04-01,83.9066,84.1754,83.2133,83.2835,4923105,XBI
2026-04-02,84.1296,85.2315,84.0722,84.3613,5880185,XBI
2026-04-03,83.2098,83.8113,82.0537,82.9657,3718526,XBI
2026-04-06,84.2565,84.6387,83.6972,84.0119,6271221,XBI
2026-04-07,85.2646,86.3307,84.2596,85.52,5582910,XBI
2026-04-08,85.9179,85.9844,84.7981,85.7909,3353843,XBI
2026-04-09,85.5369,85.8252,85.3905,85.5645,6510328,XBI
2026-04-10,86.223,86.461,85.3413,86.0798,7792616,XBI
2026-04-13,82.5203,83.496,81.8687,82.4632,6252292,XBI
2026-04-14,83.1352,83.8397,82.1514,82.8379,6783730,XBI
2026-04-15,82.7159,83.3291,82.6017,82.6972,5106714,XBI
2026-04-16,82.5928,82.6394,82.4059,82.6344,2923118,XBI
2026-04-17,83.7894,83.9748,83.438,83.5148,2694849,XBI
2026-04-20,83.5665,84.2038,82.8164,83.4212,5318852,XBI
2026-04-21,82.1866,82.5611,81.0357,82.0066,4260026,XBI
2026-04-22,81.6697,82.7405,81.0111,81.8328,3856779,XBI
2026-04-23,81.6589,82.6675,80.9625,81.9158,4921566,XBI
2026-04-24,81.9174,82.4977,80.9495,82.0571,5769481,XBI
2026-04-27,82.1035,82.9965,81.4355,82.2567,3184053,XBI
2026-04-28,83.7462,84.7265,83.5089,83.5492,4438902,XBI
2026-04-29,82.4398,82.8958,81.3439,82.1991,6887338,XBI
2026-04-30,82.3777,83.0515,82.0172,82.4161,3655889,XBI
2026-05-01,84.3869,85.3172,84.0218,84.0262,6087201,XBI
2026-05-04,82.2043,82.4496,81.3698,81.8681,4394086,XBI
2026-05-05,82.149,83.023,81.166,82.0891,5682242,XBI
2026-05-06,81.1708,81.4667,80.9201,81.3714,6371659,XBI
2026-05-07,81.3026,81.9353,80.4429,80.9202,5926602,XBI
2026-05-08,79.8147,80.5793,79.6483,79.8294,6136449,XBI
2026-05-11,79.6567,80.2442,79.5715,79.6266,3560508,XBI
2026-05-12,81.773,82.3432,81.694,81.8564,6392074,XBI
2026-05-13,80.1041,80.9135,79.4053,80.3185,3934133,XBI
2026-05-14,78.574,79.0653,77.7593,78.9217,5324427,XBI
2026-05-15,77.5423,77.7429,77.2623,77.3954,5322807,XBI
2026-05-18,79.2403,79.6843,78.9662,79.427,5606403,XBI
2026-05-19,79.6021,80.1731,78.6935,78.8781,5421195,XBI
2026-05-20,78.5908,79.2659,78.5655,78.8478,3945237,XBI
2026-05-21,78.0772,78.6027,77.5587,78.3728,3312665,XBI
2026-05-22,77.3886,78.2085,76.6214,77.2704,6090435,XBI
2026-05-25,77.3516,77.6987,76.3997,76.9983,5232293,XBI
2026-05-26,79.906,80.3337,79.5185,79.8905,6436721,XBI
2026-05-27,81.7163,82.118,81.0329,81.5763,4944083,XBI
2026-05-28,80.0938,80.715,80.0033,80.5392,3243544,XBI
2026-05-29,81.16,82.0393,81.0098,81.3253,6207662,XBI
2026-06-01,80.0586,80.7495,79.1634,80.3173,4537036,XBI
2026-06-02,77.7608,78.2207,77.0503,78.2055,5427504,XBI
2026-06-03,79.4385,80.3574,78.5313,79.4106,4190675,XBI
2026-06-04,80.2609,81.5956,79.378,80.8046,7055377,XBI
2026-06-05,81.7569,82.7951,81.1198,82.0824,3904293,XBI
2026-06-08,81.3746,82.356,80.4682,81.506,4578212,XBI
2026-06-09,81.0996,82.187,80.694,81.3023,5134310,XBI
2026-06-10,82.3196,82.653,82.2183,82.2218,3634772,XBI
2026-06-11,82.7819,83.3888,82.644,82.7061,5413149,XBI
2026-06-12,82.4397,83.0419,82.1112,82.2192,7014888,XBI
2026-06-15,80.4276,80.6856,80.1547,80.2465,4386922,XBI
2026-06-16,80.6588,80.8736,80.0444,80.3837,5493928,XBI
2026-06-17,81.6948,81.8069,81.0073,81.6953,1563205,XBI
2026-06-18,80.3139,80.9493,79.4795,80.2408,4951338,XBI
2026-06-19,81.1376,81.898,80.4395,81.0133,4608697,XBI
2026-06-22,81.4518,82.1956,81.2742,81.4172,3976877,XBI
2026-06-23,82.2404,82.651,81.5023,82.3385,6351813,XBI
2026-06-24,83.3394,83.628,82.9845,83.4226,4592195,XBI
2026-06-25,82.3556,83.0074,82.3427,82.5581,4778153,XBI
2026-06-26,80.6817,81.2111,80.3084,80.5797,4528508,XBI
2026-06-29,79.9149,80.8191,79.5979,79.9375,2603980,XBI
2026-06-30,80.8495,81.8612,80.5835,81.0107,3585016,XBI
2026-07-01,80.1951,81.2381,79.4138,80.3548,6201366,XBI
2026-07-02,79.2338,80.3339,78.5113,79.5226,2362561,XBI
2026-07-03,77.6066,78.5049,76.7335,77.3794,4042105,XBI
2026-07-06,79.4594,79.9032,79.3081,79.4406,4500349,XBI
2026-07-07,80.2225,80.4765,79.4448,80.4307,7179527,XBI
2026-07-08,81.5623,81.6441,80.7037,81.3649,5960754,XBI
2026-07-09,82.4158,82.9413,82.2231,82.5546,4303536,XBI
2026-07-10,82.9205,83.5294,82.2756,83.2719,6630642,XBI
2026-07-13,83.2214,83.3911,82.4859,82.9672,4074355,XBI
2026-07-14,82.6303,83.7104,82.1947,82.7637,6261374,XBI
2026-07-15,82.1337,82.4274,82.0232,82.2346,3301403,XBI
2026-07-16,85.5602,86.5453,85.0176,85.5497,6341572,XBI
2026-07-17,86.5617,87.352,86.1626,86.266,4492332,XBI
2026-07-20,85.6731,86.332,85.4991,85.6679,3714369,XBI
2026-07-21,85.9579,86.968,85.8212,86.2682,4728570,XBI
2026-07-22,85.1086,85.4472,83.9971,84.97,5346680,XBI
2026-07-23,86.7829,87.5835,86.4863,86.9094,4381564,XBI
2026-07-24,86.5392,86.7331,85.685,86.0518,5692441,XBI
2026-07-27,86.7008,87.6767,86.3657,86.7011,4271257,XBI
2026-07-28,87.5078,88.4176,86.5646,88.0985,5775465,XBI
2026-07-29,88.7034,88.9751,88.0098,88.6084,5552777,XBI
2026-07-30,89.2518,90.0134,87.7554,88.7341,4923846,XBI
2026-07-31,89.1681,89.8705,88.4291,88.7485,4448272,XBI
2026-08-03,89.1604,89.6433,88.5512,88.6734,5189425,XBI
2026-08-04,87.6407,88.5768,87.0557,87.9096,5687817,XBI
2026-08-05,87.5578,87.7254,86.9568,87.3189,7577248,XBI
2026-08-06,89.0851,89.9999,88.2279,89.2785,6174275,XBI
2026-08-07,89.1933,89.4829,88.1926,89.1333,6219987,XBI
2026-08-10,87.7524,88.3772,87.2548,88.0888,8860640,XBI
2026-08-11,87.2403,87.5794,86.2234,87.4093,5644948,XBI
2026-08-12,88.6837,89.2184,88.0952,88.864,5605804,XBI
2026-08-13,90.0111,90.3689,89.4773,89.7691,5880018,XBI
2026-08-14,90.7443,91.2388,89.9956,90.5268,3738792,XBI
2026-08-17,90.2527,90.4589,90.1374,90.1778,4445122,XBI
2026-08-18,90.5882,91.1674,89.7142,90.9567,4367288,XBI
2026-08-19,89.9987,90.6685,89.8891,90.0829,5809517,XBI
2026-08-20,89.5319,89.8715,89.2002,89.7328,4782281,XBI
2026-08-21,91.2852,92.0398,90.43,91.0477,5172779,XBI
2026-08-24,92.5756,93.6242,92.202,92.2495,6359318,XBI
2026-08-25,91.1889,91.6559,90.8143,90.9008,6078938,XBI
2026-08-26,89.5384,90.7121,88.7904,89.7417,4797848,XBI
2026-08-27,89.1494,89.9942,89.0726,89.8882,4162506,XBI
2026-08-28,91.7569,92.2935,91.2316,92.2459,6419093,XBI
